protein_1,protein_2,label,stage
MEETMKLATMEDTVEYCLFLIPDESRDSDKHKEILQKYIERIITRFAPMLVPYIWQNQPFNLKYKPGKGGVPAHMFGVTKFGDNIEDEWFIVYVIKQITKEFPELVARIEDNDGEFLLIEAADFLPKWLDPENSTNRVFFCHGELCIIPAPRKSGAESWLPTTPPTIPQALNIITAHSEKILASESIRAAVNRRIRGYPEKIQASLHRAHCFLPAGIVAVLKQRPRLVAAAVQAFYLRDPIDLRACRVFKTFLPETRIMTSVTFTKCLYAQLVQQRFVPDRRSGYRLPPPSDPQYRAHELGMKLAHGFEILCSKCSPHFSDCKKSLVTASPLWASFLESLKKNDYFKGLIEGSAQYRERLEMAENYFQLSVDWPESSLAMSPGEEILTLLQTIPFDIEDLKKEAANLPPEDDDQWLDLSPDQLDQLLQEAVGKKESESVSKEEKEQNYDLTEVSESMKAFISKVSTHKGAELPREPSEAPITFDADSFLNYFDKILGPRPNESDSDDLDDEDFECLDSDDDLDFETHEPGEEASLKGTLDNLKSYMAQMDQELAHTCISKSFTTRNQVEPVSQTTDNNSDEEDSGTGESVMAPVDVDLNLVSNILESYSSQAGLAGPASNLLQSMGVQLPDNTDHRPTSKPTKN,MTEQMTLRGTLKGHNGWVTQIATTPQFPDMILSASRDKTIIMWKLTRDETNYGIPQRALRGHSHFVSDVVISSDGQFALSGSWDGTLRLWDLTTGTTTRRFVGHTKDVLSVAFSSDNRQIVSGSRDKTIKLWNTLGVCKYTVQDESHSEWVSCVRFSPNSSNPIIVSCGWDKLVKVWNLANCKLKTNHIGHTGYLNTVTVSPDGSLCASGGKDGQAMLWDLNEGKHLYTLDGGDIINALCFSPNRYWLCAATGPSIKIWDLEGKIIVDELKQEVISTSSKAEPPQCTSLAWSADGQTLFAGYTDNLVRVWQVTIGTR,1,train
MAVMAPRTLLLLLSGALALTQTWAGSHSMRYFFTSVSRPGRGEPRFIAVGYVDDTQFVRFDSDAASQRMEPRAPWIEQEGPEYWDQETRNVKAQSQTDRVDLGTLRGYYNQSEAGSHTIQIMYGCDVGSDGRFLRGYRQDAYDGKDYIALNEDLRSWTAADMAAQITKRKWEAAHEAEQLRAYLDGTCVEWLRRYLENGKETLQRTDPPKTHMTHHPISDHEATLRCWALGFYPAEITLTWQRDGEDQTQDTELVETRPAGDGTFQKWAAVVVPSGEEQRYTCHVQHEGLPKPLTLRWELSSQPTIPIVGIIAGLVLLGAVITGAVVAAVMWRRKSSDRKGGSYTQAASSDSAQGSDVSLTACKV,MAEHPPLLDTTQILSSDISLLSAPIVSADGTQQVILVQVNPGEAFTIRREDGQFQCITGPAQVPMMSPNGSVPPIYVPPGYAPQVIEDNGVRRVVVVPQAPEFHPGSHTVLHRSPHPPLPGFIPVPTMMPPPPRHMYSPVTGAGDMTTQYMPQYQSSQVYGDVDAHSTHGRSNFRDERSSKTYERLQKKLKDRQGTQKDKMSSPPSSPQKCPSPINEHNGLIKGQIAGGINTGSAKIKSGKGKGGTQVDTEIEEKDEETKAFEALLSNIVKPVASDIQARTVVLTWSPPSSLINGETDESSVPELYGYEVLISSTGKDGKYKSVYVGEETNITLNDLKPAMDYHAKVQAEYNSIKGTPSEAEIFTTLSCEPDIPNPPRIANRTKNSLTLQWKAPSDNGSKIQNFVLEWDEGKGNGEFCQCYMGSQKQFKITKLSPAMGCKFRLSARNDYGTSGFSEEVLYYTSGCAPSMPASPVLTKAGITWLSLQWSKPSGTPSDEGISYILEMEEETSGYGFKPKYDGEDLAYTVKNLRRSTKYKFKVIAYNSEGKSNPSEVVEFTTCPDKPGIPVKPSVKGKIHSHSFKITWDPPKDNGGATINKYVVEMAEGSNGNKWEMIYSGATREHLCDRLNPGCFYRLRVYCISDGGQSAVSESLLVQTPAVPPGPCLPPRLQGRPKAKEIQLRWGPPLVDGGSPISCYSVEMSPIEKDEPREVYQGSEVECTVSSLLPGKTYSFRLRAANKMGFGPFSEKCDITTAPGPPDQCKPPQVTCRSATCAQVNWEVPLSNGTDVTEYRLEWGGVEGSMQICYCGPGLSYEIKGLSPATTYYCRVQALSVVGAGPFSEVVACVTPPSVPGIVTCLQEISDDEIENPHYSPSTCLAISWEKPCDHGSEILAYSIDFGDKQSLTVGKVTSYIINNLQPDTTYRIRIQALNSLGAGPFSHMIKLKTKPLPPDPPRLECVAFSHQNLKLKWGEGTPKTLSTDSIQYHLQMEDKNGRFVSLYRGPCHTYKVQRLNESTSYKFCIQACNEAGEGPLSQEYIFTTPKSVPAALKAPKIEKVNDHICEITWECLQPMKGDPVIYSLQVMLGKDSEFKQIYKGPDSSFRYSSLQLNCEYRFRVCAIRQCQDSLGHQDLVGPYSTTVLFISQRTEPPASTNRDTVESTRTRRALSDEQCAAVILVLFAFFSILIAFIIQYFVIK,0,train
MTLGRRLACLFLACVLPALLLGGTALASEIVGGRRARPHAWPFMVSLQLRGGHFCGATLIAPNFVMSAAHCVANVNVRAVRVVLGAHNLSRREPTRQVFAVQRIFENGYDPVNLLNDIVILQLNGSATINANVQVAQLPAQGRRLGNGVQCLAMGWGLLGRNRGIASVLQELNVTVVTSLCRRSNVCTLVRGRQAGVCFGDSGSPLVCNGLIHGIASFVRGGCASGLYPDAFAPVAQFVNWIDSIIQRSEDNPCPHPRDPDPASRTH,MRQRLLPSVTSLLLVALLFPGSSQARHVNHSATEALGELRERAPGQGTNGFQLLRHAVKRDLLPPRTPPYQVHISHREARGPSFRICVDFLGPRWARGCSTGN,0,train
MEDRRAEKSCEQACESLKRQDYEMALKHCTEALLSLGQYSMADFTGPCPLEIERIKIESLLYRIASFLQLKNYVQADEDCRHVLGEGLAKGEDAFRAVLCCMQLKGKLQPVSTILAKSLTGESLNGMVTKDLTRLKTLLSETETATSNALSGYHVEDLDEGSCNGWHFRPPPRGITSSEEYTLCKRFLEQGICRYGAQCTSAHSQEELAEWQKRYASRLIKLKQQNENKQLSGSYMETLIEKWMNSLSPEKVLSECIEGVKVEHNPDLSVTVSTKKSHQTWTFALTCKPARMLYRVALLYDAHRPHFSIIAISAGDSTTQVSQEVPENCQEWIGGKMAQNGLDHYVYKVGIAFNTEIFGTFRQTIVFDFGLEPVLMQRVMIDAASTEDLEYLMHAKQQLVTTAKRWDSSSKTIIDFEPNETTDLEKSLLIRYQIPLSADQLFTQSVLDKSLTKSNYQSRLHDLLYIEEIAQYKEISKFNLKVQLQILASFMLTGVSGGAKYAQNGQLFGRFKLTETLSEDTLAGRLVMTKVNAVYLLPVPKQKLVQTQGTKEKVYEATIEEKTKEYIFLRLSRECCEELNLRPDCDTQVELQFQLNRLPLCEMHYALDRIKDNGVLFPDISMTPTIPWSPNRQWDEQLDPRLNAKQKEAVLAITTPLAIQLPPVLIIGPYGTGKTFTLAQAVKHILQQQETRILICTHSNSAADLYIKDYLHPYVEAGNPQARPLRVYFRNRWVKTVHPVVHQYCLISSAHSTFQMPQKEDILKHRVVVVTLNTSQYLCQLDLEPGFFTHILLDEAAQAMECETIMPLALATQNTRIVLAGDHMQLSPFVYSEFARERNLHVSLLDRLYEHYPAEFPCRILLCENYRSHEAIINYTSELFYEGKLMASGKQPAHKDFYPLTFFTARGEDVQEKNSTAFYNNAEVFEVVERVEELRRKWPVAWGKLDDGSIGVVTPYADQVFRIRAELRKKRLSDVNVERVLNVQGKQFRVLFLSTVRTRHTCKHKQTPIKKKEQLLEDSTEDLDYGFLSNYKLLNTAITRAQSLVAVVGDPIALCSIGRCRKFWERFIALCHENSSLHGITFEQIKAQLEALELKKTYVLNPLAPEFIPRALRLQHSGSTNKQQQSPPKGKSLHHTQNDHFQNDGIVQPNPSVLIGNPIRAYTPPPPLGPHPNLGKSPSPVQRIDPHTGTSILYVPAVYGGNVVMSVPLPVPWTGYQGRFAVDPRIITHQAAMAYNMNLLQTHGRGSPIPYGLGHHPPVTIGQPQNQHQEKDQHEQNRNGKSDTNNSGPEINKIRTPEKKPTEPKQVDLESNPQNRSPESRPSVVYPSTKFPRKDNLNPRHINLPLPAPHAQYAIPNRHFHPLPQLPRPPFPIPQQHTLLNQQQNNLPEQPNQIPPQPNQVVQQQSQLNQQPQQPPPQLSPAYQAGPNNAFFNSAVAHRPQSPPAEAVIPEQQPPPMLQEGHSPLRAIAQPGPILPSHLNSFIDENPSGLPIGEALDRIHGSVALETLRQQQARFQQWSEHHAFLSQGSAPYPHHHHPHLQHLPQPPLGLHQPPVRADWKLTSSAEDEVETTYSRFQDLIRELSHRDQSETRELAEMPPPQSRLLQYRQVQSRSPPAVPSPPSSTDHSSHFSNFNDNSRDIEVASNPAFPQRLPPQIFNSPFSLPSEHLAPPPLKYLAPDGAWTFANLQQNHLMGPGFPYGLPPLPHRPPQNPFVQIQNHQHAIGQEPFHPLSSRTVSSSSLPSLEEYEPRGPGRPLYQRRISSSSVQPCSEEVSTPQDSLAQCKELQDHSNQSSFNFSSPESWVNTTSSTPYQNIPCNGSSRTAQPRELIAPPKTVKPPEDQLKSENLEVSSSFNYSVLQHLGQFPPLMPNKQIAESANSSSPQSSAGGKPAMSYASALRAPPKPRPPPEQAKKSSDPLSLFQELSLGSSSGSNGFYSYFK,MEPPGRRECPFPSWRFPGLLLAAMVLLLYSFSDACEEPPTFEAMELIGKPKPYYEIGERVDYKCKKGYFYIPPLATHTICDRNHTWLPVSDDACYRETCPYIRDPLNGQAVPANGTYEFGYQMHFICNEGYYLIGEEILYCELKGSVAIWSGKPPICEKVLCTPPPKIKNGKHTFSEVEVFEYLDAVTYSCDPAPGPDPFSLIGESTIYCGDNSVWSRAAPECKVVKCRFPVVENGKQISGFGKKFYYKATVMFECDKGFYLDGSDTIVCDSNSTWDPPVPKCLKVLPPSSTKPPALSHSVSTSSTTKSPASSASGPRPTYKPPVSNYPGYPKPEEGILDSLDVWVIAVIVIAIVVGVAVICVVPYRYLQRRKKKGTYLTDETHREVKFTSL,1,train
MLTEVMEVWHGLVIAVVSLFLQACFLTAINYLLSRHMAHKSEQILKAASLQVPRPSPGHHHPPAVKEMKETQTERDIPMSDSLYRHDSDTPSDSLDSSCSSPPACQATEDVDYTQVVFSDPGELKNDSPLDYENIKEITDYVNVNPERHKPSFWYFVNPALSEPAEYDQVAM,MFLSILVALCLWLHLALGVRGAPCEAVRIPMCRHMPWNITRMPNHLHHSTQENAILAIEQYEELVDVNCSAVLRFFLCAMYAPICTLEFLHDPIKPCKSVCQRARDDCEPLMKMYNHSWPESLACDELPVYDRGVCISPEAIVTDLPEDVKWIDITPDMMVQERPLDVDCKRLSPDRCKCKKVKPTLATYLSKNYSYVIHAKIKAVQRSGCNEVTTVVDVKEIFKSSSPIPRTQVPLITNSSCQCPHILPHQDVLIMCYEWRSRMMLLENCLVEKWRDQLSKRSIQWEERLQEQRRTVQDKKKTAGRTSRSNPPKPKGKPPAPKPASPKKNIKTRSAQKRTNPKRV,0,train
MFLSILVALCLWLHLALGVRGAPCEAVRIPMCRHMPWNITRMPNHLHHSTQENAILAIEQYEELVDVNCSAVLRFFLCAMYAPICTLEFLHDPIKPCKSVCQRARDDCEPLMKMYNHSWPESLACDELPVYDRGVCISPEAIVTDLPEDVKWIDITPDMMVQERPLDVDCKRLSPDRCKCKKVKPTLATYLSKNYSYVIHAKIKAVQRSGCNEVTTVVDVKEIFKSSSPIPRTQVPLITNSSCQCPHILPHQDVLIMCYEWRSRMMLLENCLVEKWRDQLSKRSIQWEERLQEQRRTVQDKKKTAGRTSRSNPPKPKGKPPAPKPASPKKNIKTRSAQKRTNPKRV,MLTEVMEVWHGLVIAVVSLFLQACFLTAINYLLSRHMAHKSEQILKAASLQVPRPSPGHHHPPAVKEMKETQTERDIPMSDSLYRHDSDTPSDSLDSSCSSPPACQATEDVDYTQVVFSDPGELKNDSPLDYENIKEITDYVNVNPERHKPSFWYFVNPALSEPAEYDQVAM,1,valid
MEPPGRRECPFPSWRFPGLLLAAMVLLLYSFSDACEEPPTFEAMELIGKPKPYYEIGERVDYKCKKGYFYIPPLATHTICDRNHTWLPVSDDACYRETCPYIRDPLNGQAVPANGTYEFGYQMHFICNEGYYLIGEEILYCELKGSVAIWSGKPPICEKVLCTPPPKIKNGKHTFSEVEVFEYLDAVTYSCDPAPGPDPFSLIGESTIYCGDNSVWSRAAPECKVVKCRFPVVENGKQISGFGKKFYYKATVMFECDKGFYLDGSDTIVCDSNSTWDPPVPKCLKVLPPSSTKPPALSHSVSTSSTTKSPASSASGPRPTYKPPVSNYPGYPKPEEGILDSLDVWVIAVIVIAIVVGVAVICVVPYRYLQRRKKKGTYLTDETHREVKFTSL,MEDRRAEKSCEQACESLKRQDYEMALKHCTEALLSLGQYSMADFTGPCPLEIERIKIESLLYRIASFLQLKNYVQADEDCRHVLGEGLAKGEDAFRAVLCCMQLKGKLQPVSTILAKSLTGESLNGMVTKDLTRLKTLLSETETATSNALSGYHVEDLDEGSCNGWHFRPPPRGITSSEEYTLCKRFLEQGICRYGAQCTSAHSQEELAEWQKRYASRLIKLKQQNENKQLSGSYMETLIEKWMNSLSPEKVLSECIEGVKVEHNPDLSVTVSTKKSHQTWTFALTCKPARMLYRVALLYDAHRPHFSIIAISAGDSTTQVSQEVPENCQEWIGGKMAQNGLDHYVYKVGIAFNTEIFGTFRQTIVFDFGLEPVLMQRVMIDAASTEDLEYLMHAKQQLVTTAKRWDSSSKTIIDFEPNETTDLEKSLLIRYQIPLSADQLFTQSVLDKSLTKSNYQSRLHDLLYIEEIAQYKEISKFNLKVQLQILASFMLTGVSGGAKYAQNGQLFGRFKLTETLSEDTLAGRLVMTKVNAVYLLPVPKQKLVQTQGTKEKVYEATIEEKTKEYIFLRLSRECCEELNLRPDCDTQVELQFQLNRLPLCEMHYALDRIKDNGVLFPDISMTPTIPWSPNRQWDEQLDPRLNAKQKEAVLAITTPLAIQLPPVLIIGPYGTGKTFTLAQAVKHILQQQETRILICTHSNSAADLYIKDYLHPYVEAGNPQARPLRVYFRNRWVKTVHPVVHQYCLISSAHSTFQMPQKEDILKHRVVVVTLNTSQYLCQLDLEPGFFTHILLDEAAQAMECETIMPLALATQNTRIVLAGDHMQLSPFVYSEFARERNLHVSLLDRLYEHYPAEFPCRILLCENYRSHEAIINYTSELFYEGKLMASGKQPAHKDFYPLTFFTARGEDVQEKNSTAFYNNAEVFEVVERVEELRRKWPVAWGKLDDGSIGVVTPYADQVFRIRAELRKKRLSDVNVERVLNVQGKQFRVLFLSTVRTRHTCKHKQTPIKKKEQLLEDSTEDLDYGFLSNYKLLNTAITRAQSLVAVVGDPIALCSIGRCRKFWERFIALCHENSSLHGITFEQIKAQLEALELKKTYVLNPLAPEFIPRALRLQHSGSTNKQQQSPPKGKSLHHTQNDHFQNDGIVQPNPSVLIGNPIRAYTPPPPLGPHPNLGKSPSPVQRIDPHTGTSILYVPAVYGGNVVMSVPLPVPWTGYQGRFAVDPRIITHQAAMAYNMNLLQTHGRGSPIPYGLGHHPPVTIGQPQNQHQEKDQHEQNRNGKSDTNNSGPEINKIRTPEKKPTEPKQVDLESNPQNRSPESRPSVVYPSTKFPRKDNLNPRHINLPLPAPHAQYAIPNRHFHPLPQLPRPPFPIPQQHTLLNQQQNNLPEQPNQIPPQPNQVVQQQSQLNQQPQQPPPQLSPAYQAGPNNAFFNSAVAHRPQSPPAEAVIPEQQPPPMLQEGHSPLRAIAQPGPILPSHLNSFIDENPSGLPIGEALDRIHGSVALETLRQQQARFQQWSEHHAFLSQGSAPYPHHHHPHLQHLPQPPLGLHQPPVRADWKLTSSAEDEVETTYSRFQDLIRELSHRDQSETRELAEMPPPQSRLLQYRQVQSRSPPAVPSPPSSTDHSSHFSNFNDNSRDIEVASNPAFPQRLPPQIFNSPFSLPSEHLAPPPLKYLAPDGAWTFANLQQNHLMGPGFPYGLPPLPHRPPQNPFVQIQNHQHAIGQEPFHPLSSRTVSSSSLPSLEEYEPRGPGRPLYQRRISSSSVQPCSEEVSTPQDSLAQCKELQDHSNQSSFNFSSPESWVNTTSSTPYQNIPCNGSSRTAQPRELIAPPKTVKPPEDQLKSENLEVSSSFNYSVLQHLGQFPPLMPNKQIAESANSSSPQSSAGGKPAMSYASALRAPPKPRPPPEQAKKSSDPLSLFQELSLGSSSGSNGFYSYFK,0,valid
MRQRLLPSVTSLLLVALLFPGSSQARHVNHSATEALGELRERAPGQGTNGFQLLRHAVKRDLLPPRTPPYQVHISHREARGPSFRICVDFLGPRWARGCSTGN,MTLGRRLACLFLACVLPALLLGGTALASEIVGGRRARPHAWPFMVSLQLRGGHFCGATLIAPNFVMSAAHCVANVNVRAVRVVLGAHNLSRREPTRQVFAVQRIFENGYDPVNLLNDIVILQLNGSATINANVQVAQLPAQGRRLGNGVQCLAMGWGLLGRNRGIASVLQELNVTVVTSLCRRSNVCTLVRGRQAGVCFGDSGSPLVCNGLIHGIASFVRGGCASGLYPDAFAPVAQFVNWIDSIIQRSEDNPCPHPRDPDPASRTH,1,test
MAEHPPLLDTTQILSSDISLLSAPIVSADGTQQVILVQVNPGEAFTIRREDGQFQCITGPAQVPMMSPNGSVPPIYVPPGYAPQVIEDNGVRRVVVVPQAPEFHPGSHTVLHRSPHPPLPGFIPVPTMMPPPPRHMYSPVTGAGDMTTQYMPQYQSSQVYGDVDAHSTHGRSNFRDERSSKTYERLQKKLKDRQGTQKDKMSSPPSSPQKCPSPINEHNGLIKGQIAGGINTGSAKIKSGKGKGGTQVDTEIEEKDEETKAFEALLSNIVKPVASDIQARTVVLTWSPPSSLINGETDESSVPELYGYEVLISSTGKDGKYKSVYVGEETNITLNDLKPAMDYHAKVQAEYNSIKGTPSEAEIFTTLSCEPDIPNPPRIANRTKNSLTLQWKAPSDNGSKIQNFVLEWDEGKGNGEFCQCYMGSQKQFKITKLSPAMGCKFRLSARNDYGTSGFSEEVLYYTSGCAPSMPASPVLTKAGITWLSLQWSKPSGTPSDEGISYILEMEEETSGYGFKPKYDGEDLAYTVKNLRRSTKYKFKVIAYNSEGKSNPSEVVEFTTCPDKPGIPVKPSVKGKIHSHSFKITWDPPKDNGGATINKYVVEMAEGSNGNKWEMIYSGATREHLCDRLNPGCFYRLRVYCISDGGQSAVSESLLVQTPAVPPGPCLPPRLQGRPKAKEIQLRWGPPLVDGGSPISCYSVEMSPIEKDEPREVYQGSEVECTVSSLLPGKTYSFRLRAANKMGFGPFSEKCDITTAPGPPDQCKPPQVTCRSATCAQVNWEVPLSNGTDVTEYRLEWGGVEGSMQICYCGPGLSYEIKGLSPATTYYCRVQALSVVGAGPFSEVVACVTPPSVPGIVTCLQEISDDEIENPHYSPSTCLAISWEKPCDHGSEILAYSIDFGDKQSLTVGKVTSYIINNLQPDTTYRIRIQALNSLGAGPFSHMIKLKTKPLPPDPPRLECVAFSHQNLKLKWGEGTPKTLSTDSIQYHLQMEDKNGRFVSLYRGPCHTYKVQRLNESTSYKFCIQACNEAGEGPLSQEYIFTTPKSVPAALKAPKIEKVNDHICEITWECLQPMKGDPVIYSLQVMLGKDSEFKQIYKGPDSSFRYSSLQLNCEYRFRVCAIRQCQDSLGHQDLVGPYSTTVLFISQRTEPPASTNRDTVESTRTRRALSDEQCAAVILVLFAFFSILIAFIIQYFVIK,MAVMAPRTLLLLLSGALALTQTWAGSHSMRYFFTSVSRPGRGEPRFIAVGYVDDTQFVRFDSDAASQRMEPRAPWIEQEGPEYWDQETRNVKAQSQTDRVDLGTLRGYYNQSEAGSHTIQIMYGCDVGSDGRFLRGYRQDAYDGKDYIALNEDLRSWTAADMAAQITKRKWEAAHEAEQLRAYLDGTCVEWLRRYLENGKETLQRTDPPKTHMTHHPISDHEATLRCWALGFYPAEITLTWQRDGEDQTQDTELVETRPAGDGTFQKWAAVVVPSGEEQRYTCHVQHEGLPKPLTLRWELSSQPTIPIVGIIAGLVLLGAVITGAVVAAVMWRRKSSDRKGGSYTQAASSDSAQGSDVSLTACKV,0,test
MTEQMTLRGTLKGHNGWVTQIATTPQFPDMILSASRDKTIIMWKLTRDETNYGIPQRALRGHSHFVSDVVISSDGQFALSGSWDGTLRLWDLTTGTTTRRFVGHTKDVLSVAFSSDNRQIVSGSRDKTIKLWNTLGVCKYTVQDESHSEWVSCVRFSPNSSNPIIVSCGWDKLVKVWNLANCKLKTNHIGHTGYLNTVTVSPDGSLCASGGKDGQAMLWDLNEGKHLYTLDGGDIINALCFSPNRYWLCAATGPSIKIWDLEGKIIVDELKQEVISTSSKAEPPQCTSLAWSADGQTLFAGYTDNLVRVWQVTIGTR,MEETMKLATMEDTVEYCLFLIPDESRDSDKHKEILQKYIERIITRFAPMLVPYIWQNQPFNLKYKPGKGGVPAHMFGVTKFGDNIEDEWFIVYVIKQITKEFPELVARIEDNDGEFLLIEAADFLPKWLDPENSTNRVFFCHGELCIIPAPRKSGAESWLPTTPPTIPQALNIITAHSEKILASESIRAAVNRRIRGYPEKIQASLHRAHCFLPAGIVAVLKQRPRLVAAAVQAFYLRDPIDLRACRVFKTFLPETRIMTSVTFTKCLYAQLVQQRFVPDRRSGYRLPPPSDPQYRAHELGMKLAHGFEILCSKCSPHFSDCKKSLVTASPLWASFLESLKKNDYFKGLIEGSAQYRERLEMAENYFQLSVDWPESSLAMSPGEEILTLLQTIPFDIEDLKKEAANLPPEDDDQWLDLSPDQLDQLLQEAVGKKESESVSKEEKEQNYDLTEVSESMKAFISKVSTHKGAELPREPSEAPITFDADSFLNYFDKILGPRPNESDSDDLDDEDFECLDSDDDLDFETHEPGEEASLKGTLDNLKSYMAQMDQELAHTCISKSFTTRNQVEPVSQTTDNNSDEEDSGTGESVMAPVDVDLNLVSNILESYSSQAGLAGPASNLLQSMGVQLPDNTDHRPTSKPTKN,1,test
