sequence,label,stage
MEETMKLATMEDTVEYCLFLIPDESRDSDKHKEILQKYIERIITRFAPMLVPYIWQNQPFNLKYKPGKGGVPAHMFGVTKFGDNIEDEWFIVYVIKQITKEFPELVARIEDNDGEFLLIEAADFLPKWLDPENSTNRVFFCHGELCIIPAPRKSGAESWLPTTPPTIPQALNIITAHSEKILASESIRAAVNRRIRGYPEKIQASLHRAHCFLPAGIVAVLKQRPRLVAAAVQAFYLRDPIDLRACRVFKTFLPETRIMTSVTFTKCLYAQLVQQRFVPDRRSGYRLPPPSDPQYRAHELGMKLAHGFEILCSKCSPHFSDCKKSLVTASPLWASFLESLKKNDYFKGLIEGSAQYRERLEMAENYFQLSVDWPESSLAMSPGEEILTLLQTIPFDIEDLKKEAANLPPEDDDQWLDLSPDQLDQLLQEAVGKKESESVSKEEKEQNYDLTEVSESMKAFISKVSTHKGAELPREPSEAPITFDADSFLNYFDKILGPRPNESDSDDLDDEDFECLDSDDDLDFETHEPGEEASLKGTLDNLKSYMAQMDQELAHTCISKSFTTRNQVEPVSQTTDNNSDEEDSGTGESVMAPVDVDLNLVSNILESYSSQAGLAGPASNLLQSMGVQLPDNTDHRPTSKPTKN,1,train
MAVMAPRTLLLLLSGALALTQTWAGSHSMRYFFTSVSRPGRGEPRFIAVGYVDDTQFVRFDSDAASQRMEPRAPWIEQEGPEYWDQETRNVKAQSQTDRVDLGTLRGYYNQSEAGSHTIQIMYGCDVGSDGRFLRGYRQDAYDGKDYIALNEDLRSWTAADMAAQITKRKWEAAHEAEQLRAYLDGTCVEWLRRYLENGKETLQRTDPPKTHMTHHPISDHEATLRCWALGFYPAEITLTWQRDGEDQTQDTELVETRPAGDGTFQKWAAVVVPSGEEQRYTCHVQHEGLPKPLTLRWELSSQPTIPIVGIIAGLVLLGAVITGAVVAAVMWRRKSSDRKGGSYTQAASSDSAQGSDVSLTACKV,0,train
MTLGRRLACLFLACVLPALLLGGTALASEIVGGRRARPHAWPFMVSLQLRGGHFCGATLIAPNFVMSAAHCVANVNVRAVRVVLGAHNLSRREPTRQVFAVQRIFENGYDPVNLLNDIVILQLNGSATINANVQVAQLPAQGRRLGNGVQCLAMGWGLLGRNRGIASVLQELNVTVVTSLCRRSNVCTLVRGRQAGVCFGDSGSPLVCNGLIHGIASFVRGGCASGLYPDAFAPVAQFVNWIDSIIQRSEDNPCPHPRDPDPASRTH,0,train
MEDRRAEKSCEQACESLKRQDYEMALKHCTEALLSLGQYSMADFTGPCPLEIERIKIESLLYRIASFLQLKNYVQADEDCRHVLGEGLAKGEDAFRAVLCCMQLKGKLQPVSTILAKSLTGESLNGMVTKDLTRLKTLLSETETATSNALSGYHVEDLDEGSCNGWHFRPPPRGITSSEEYTLCKRFLEQGICRYGAQCTSAHSQEELAEWQKRYASRLIKLKQQNENKQLSGSYMETLIEKWMNSLSPEKVLSECIEGVKVEHNPDLSVTVSTKKSHQTWTFALTCKPARMLYRVALLYDAHRPHFSIIAISAGDSTTQVSQEVPENCQEWIGGKMAQNGLDHYVYKVGIAFNTEIFGTFRQTIVFDFGLEPVLMQRVMIDAASTEDLEYLMHAKQQLVTTAKRWDSSSKTIIDFEPNETTDLEKSLLIRYQIPLSADQLFTQSVLDKSLTKSNYQSRLHDLLYIEEIAQYKEISKFNLKVQLQILASFMLTGVSGGAKYAQNGQLFGRFKLTETLSEDTLAGRLVMTKVNAVYLLPVPKQKLVQTQGTKEKVYEATIEEKTKEYIFLRLSRECCEELNLRPDCDTQVELQFQLNRLPLCEMHYALDRIKDNGVLFPDISMTPTIPWSPNRQWDEQLDPRLNAKQKEAVLAITTPLAIQLPPVLIIGPYGTGKTFTLAQAVKHILQQQETRILICTHSNSAADLYIKDYLHPYVEAGNPQARPLRVYFRNRWVKTVHPVVHQYCLISSAHSTFQMPQKEDILKHRVVVVTLNTSQYLCQLDLEPGFFTHILLDEAAQAMECETIMPLALATQNTRIVLAGDHMQLSPFVYSEFARERNLHVSLLDRLYEHYPAEFPCRILLCENYRSHEAIINYTSELFYEGKLMASGKQPAHKDFYPLTFFTARGEDVQEKNSTAFYNNAEVFEVVERVEELRRKWPVAWGKLDDGSIGVVTPYADQVFRIRAELRKKRLSDVNVERVLNVQGKQFRVLFLSTVRTRHTCKHKQTPIKKKEQLLEDSTEDLDYGFLSNYKLLNTAITRAQSLVAVVGDPIALCSIGRCRKFWERFIALCHENSSLHGITFEQIKAQLEALELKKTYVLNPLAPEFIPRALRLQHSGSTNKQQQSPPKGKSLHHTQNDHFQNDGIVQPNPSVLIGNPIRAYTPPPPLGPHPNLGKSPSPVQRIDPHTGTSILYVPAVYGGNVVMSVPLPVPWTGYQGRFAVDPRIITHQAAMAYNMNLLQTHGRGSPIPYGLGHHPPVTIGQPQNQHQEKDQHEQNRNGKSDTNNSGPEINKIRTPEKKPTEPKQVDLESNPQNRSPESRPSVVYPSTKFPRKDNLNPRHINLPLPAPHAQYAIPNRHFHPLPQLPRPPFPIPQQHTLLNQQQNNLPEQPNQIPPQPNQVVQQQSQLNQQPQQPPPQLSPAYQAGPNNAFFNSAVAHRPQSPPAEAVIPEQQPPPMLQEGHSPLRAIAQPGPILPSHLNSFIDENPSGLPIGEALDRIHGSVALETLRQQQARFQQWSEHHAFLSQGSAPYPHHHHPHLQHLPQPPLGLHQPPVRADWKLTSSAEDEVETTYSRFQDLIRELSHRDQSETRELAEMPPPQSRLLQYRQVQSRSPPAVPSPPSSTDHSSHFSNFNDNSRDIEVASNPAFPQRLPPQIFNSPFSLPSEHLAPPPLKYLAPDGAWTFANLQQNHLMGPGFPYGLPPLPHRPPQNPFVQIQNHQHAIGQEPFHPLSSRTVSSSSLPSLEEYEPRGPGRPLYQRRISSSSVQPCSEEVSTPQDSLAQCKELQDHSNQSSFNFSSPESWVNTTSSTPYQNIPCNGSSRTAQPRELIAPPKTVKPPEDQLKSENLEVSSSFNYSVLQHLGQFPPLMPNKQIAESANSSSPQSSAGGKPAMSYASALRAPPKPRPPPEQAKKSSDPLSLFQELSLGSSSGSNGFYSYFK,1,train
MLTEVMEVWHGLVIAVVSLFLQACFLTAINYLLSRHMAHKSEQILKAASLQVPRPSPGHHHPPAVKEMKETQTERDIPMSDSLYRHDSDTPSDSLDSSCSSPPACQATEDVDYTQVVFSDPGELKNDSPLDYENIKEITDYVNVNPERHKPSFWYFVNPALSEPAEYDQVAM,0,train
MFLSILVALCLWLHLALGVRGAPCEAVRIPMCRHMPWNITRMPNHLHHSTQENAILAIEQYEELVDVNCSAVLRFFLCAMYAPICTLEFLHDPIKPCKSVCQRARDDCEPLMKMYNHSWPESLACDELPVYDRGVCISPEAIVTDLPEDVKWIDITPDMMVQERPLDVDCKRLSPDRCKCKKVKPTLATYLSKNYSYVIHAKIKAVQRSGCNEVTTVVDVKEIFKSSSPIPRTQVPLITNSSCQCPHILPHQDVLIMCYEWRSRMMLLENCLVEKWRDQLSKRSIQWEERLQEQRRTVQDKKKTAGRTSRSNPPKPKGKPPAPKPASPKKNIKTRSAQKRTNPKRV,1,valid
MEPPGRRECPFPSWRFPGLLLAAMVLLLYSFSDACEEPPTFEAMELIGKPKPYYEIGERVDYKCKKGYFYIPPLATHTICDRNHTWLPVSDDACYRETCPYIRDPLNGQAVPANGTYEFGYQMHFICNEGYYLIGEEILYCELKGSVAIWSGKPPICEKVLCTPPPKIKNGKHTFSEVEVFEYLDAVTYSCDPAPGPDPFSLIGESTIYCGDNSVWSRAAPECKVVKCRFPVVENGKQISGFGKKFYYKATVMFECDKGFYLDGSDTIVCDSNSTWDPPVPKCLKVLPPSSTKPPALSHSVSTSSTTKSPASSASGPRPTYKPPVSNYPGYPKPEEGILDSLDVWVIAVIVIAIVVGVAVICVVPYRYLQRRKKKGTYLTDETHREVKFTSL,0,valid
MRQRLLPSVTSLLLVALLFPGSSQARHVNHSATEALGELRERAPGQGTNGFQLLRHAVKRDLLPPRTPPYQVHISHREARGPSFRICVDFLGPRWARGCSTGN,1,test
MAEHPPLLDTTQILSSDISLLSAPIVSADGTQQVILVQVNPGEAFTIRREDGQFQCITGPAQVPMMSPNGSVPPIYVPPGYAPQVIEDNGVRRVVVVPQAPEFHPGSHTVLHRSPHPPLPGFIPVPTMMPPPPRHMYSPVTGAGDMTTQYMPQYQSSQVYGDVDAHSTHGRSNFRDERSSKTYERLQKKLKDRQGTQKDKMSSPPSSPQKCPSPINEHNGLIKGQIAGGINTGSAKIKSGKGKGGTQVDTEIEEKDEETKAFEALLSNIVKPVASDIQARTVVLTWSPPSSLINGETDESSVPELYGYEVLISSTGKDGKYKSVYVGEETNITLNDLKPAMDYHAKVQAEYNSIKGTPSEAEIFTTLSCEPDIPNPPRIANRTKNSLTLQWKAPSDNGSKIQNFVLEWDEGKGNGEFCQCYMGSQKQFKITKLSPAMGCKFRLSARNDYGTSGFSEEVLYYTSGCAPSMPASPVLTKAGITWLSLQWSKPSGTPSDEGISYILEMEEETSGYGFKPKYDGEDLAYTVKNLRRSTKYKFKVIAYNSEGKSNPSEVVEFTTCPDKPGIPVKPSVKGKIHSHSFKITWDPPKDNGGATINKYVVEMAEGSNGNKWEMIYSGATREHLCDRLNPGCFYRLRVYCISDGGQSAVSESLLVQTPAVPPGPCLPPRLQGRPKAKEIQLRWGPPLVDGGSPISCYSVEMSPIEKDEPREVYQGSEVECTVSSLLPGKTYSFRLRAANKMGFGPFSEKCDITTAPGPPDQCKPPQVTCRSATCAQVNWEVPLSNGTDVTEYRLEWGGVEGSMQICYCGPGLSYEIKGLSPATTYYCRVQALSVVGAGPFSEVVACVTPPSVPGIVTCLQEISDDEIENPHYSPSTCLAISWEKPCDHGSEILAYSIDFGDKQSLTVGKVTSYIINNLQPDTTYRIRIQALNSLGAGPFSHMIKLKTKPLPPDPPRLECVAFSHQNLKLKWGEGTPKTLSTDSIQYHLQMEDKNGRFVSLYRGPCHTYKVQRLNESTSYKFCIQACNEAGEGPLSQEYIFTTPKSVPAALKAPKIEKVNDHICEITWECLQPMKGDPVIYSLQVMLGKDSEFKQIYKGPDSSFRYSSLQLNCEYRFRVCAIRQCQDSLGHQDLVGPYSTTVLFISQRTEPPASTNRDTVESTRTRRALSDEQCAAVILVLFAFFSILIAFIIQYFVIK,0,test
MTEQMTLRGTLKGHNGWVTQIATTPQFPDMILSASRDKTIIMWKLTRDETNYGIPQRALRGHSHFVSDVVISSDGQFALSGSWDGTLRLWDLTTGTTTRRFVGHTKDVLSVAFSSDNRQIVSGSRDKTIKLWNTLGVCKYTVQDESHSEWVSCVRFSPNSSNPIIVSCGWDKLVKVWNLANCKLKTNHIGHTGYLNTVTVSPDGSLCASGGKDGQAMLWDLNEGKHLYTLDGGDIINALCFSPNRYWLCAATGPSIKIWDLEGKIIVDELKQEVISTSSKAEPPQCTSLAWSADGQTLFAGYTDNLVRVWQVTIGTR,1,test
